sap_no,part_no,part_description,planned_output,is_active
10011564,MA99002500,MA99002500 welding thread CO2 0.8(15kg),,1
10025819,10025819,ก๊าชคาร์บอนไดอ๊อกไซค์CO2(27KG/CYL),,1
10030455,P002520,P002520 Cross round self-tapping screw F ,,1
10030465,U000409,U000409 Round lock head assembly,,1
10030466,P000492,P000492 Round lock head joint,,1
10030467,P000538,P000538 Hexagon socket flat end set screw M4x5,,1
10030470,P002761,P002761 Drawer lock housing,,1
10030471,P002762,P002762 Drawer lock tongue,,1
10030472,P002763,P002763 Drawer lock spring,,1
10030473,P002662,P002662 Transmission shaft Φ6*526,,1
10030476,P001100,P001100 Flat washer,,1
10030477,P000937,P000937 Spring washer,,1
10030478,P002668,P002668 Hexagonal flange bolt M8x20,,1
10030481,P002669,P002669 Handle ear,,1
10030482,P002670,P002670 Handle tube φ32×400,,1
10030483,P002671,P002671 hexagonal half-thread bolt M6×50,,1
10030762,P002571,P002571 Hook Holder,,1
10032039,P002407,P002407 Open aluminum rivet,,1
10033352,10033352,FINE CLEANER T5008,,1
10033353,10033353,PREPALENE XG,,1
10033354,10033354,ADDITIVE 4977B,,1
10033355,10033355,PALBOND LT5103RF-1,,1
10033356,10033356,NEUTRALIZER 4055,,1
10033357,10033357,ACCELERATOR 131,,1
10034174,P002803,P002803 ball slide rail core (left),,1
10034175,P002804,P002804 ball slide rail shell (left),,1
10034176,P002805,P002805 ball slide rail core (right),,1
10034177,P002806,P002806 ball slide rail shell (right),,1
10034178,P000457,P000457 Open aluminum rivet 4x6,,1
10034185,P002729,P002729 ball slide rail core (left),,1
10034186,P003213,P003213 ball slide rail core (right),,1
10034191,P002829,P002829 Hexagon socket wrench 5mm,,1
10034195,P002661,P002661 Hexagonal flat head rivet nut M6,,1
10034196,CM01000007,CM01000007 High gloss red powder,,1
10034197,P002608,P002608 Aluminum handle 969mm,,1
10034198,P002609,P002609 Aluminum handle 335mm,,1
10034205,P002610,P002610 Plastic slide lock L=328.6mm,,1
10034206,P002611,P002611 Plastic slide lock L=960.6mm,,1
10034208,P002664,P002664 Extended slide lock L=360mm,,1
10034209,P002672,P002672 Socket,,1
10034214,P000458,P000458 Open aluminum rivet,,1
10034215,P002830,P002830 Cross slot pan head bolt,,1
10034216,P002939,P002939 Cross tapping screw,,1
10034224,P002663,P002663 Aluminum handle 1348mm,,1
10034225,EC990003,EC990003 Power cord,,1
10034227,P002666,P002666 Heavy duty heightened fixed caster,,1
10034228,P002667,P002667 Heavy duty heightened universal caster,,1
10034231,CM01000007,CM01000007 High gloss black powder,,1
10034269,P002583,P002583 Balance Bar,,1
10034277,P002592,P002592 Drawer Handle Small Left,,1
10034278,P002593,P002593 Drawer Body Small Left,,1
10034280,P002595,P002595 Drawer Handle Big Left,,1
10034281,P002596,P002596 Drawer Body Big Left,,1
10034286,P002601,P002601 Drawer Handle Big Right,,1
10034289,P002617,P002617 Bottom Back,,1
10034290,P002618,P002618 Bottom Back Horizontal Reinf ,,1
10034291,P002619,P002619 Bottom Back Vertical Reinf,,1
10034292,P002620,P002620 Bottom Back Side Reinf,,1
10034293,P002621,P002621 Rear Cover,,1
10034294,P002622,P002622 Locking Slide,,1
10034295,P002623,P002623 Locking Slide Holder,,1
10034296,P002624,P002624 Partition Stop,,1
10034297,P002625,P002625 Side Panel Left,,1
10034298,P002626,P002626 Cover Support,,1
10034299,P002627,P002627 Side Panel Right,,1
10034300,P002628,P002628 Top Panel,,1
10034301,P002629,P002629 Top Panel Reinf,,1
10034302,P002631,P002631 Horizontal Groove,,1
10034303,P002632,P002632 Middle Divided Plate Left,,1
10034304,P002633,P002633 Middle Divided Plate Right,,1
10034305,P002634,P002634 Middle Divided Plate Reinf,,1
10034306,P002635,P002635 Inner Plate Left,,1
10034307,P002636,P002636 Inner Pad Plate Reinf,,1
10034309,P002637,P002637 Inner Plate Right,,1
10034310,P002638,P002638 Supply Holder,,1
10034311,P002639,P002639 Drawer Back Top Large,,1
10034312,P002640,P002640 Drawer Handle Top Large,,1
10034313,P002641,P002641 Drawer Body Top Large,,1
10034314,P002642,P002642 Drawer Back Top Small,,1
10034315,P002643,P002643 Drawer Handle Top Small,,1
10034316,P002644,P002644 Drawer Body Top Small,,1
10034317,P002645,P002645 Drawer Top Reinf,,1
10034318,P002646,P002646 Drawer Back Small Left,,1
10034319,P002649,P002649 Drawer Back Big Left,,1
10034320,P002652,P002652 Drawer Back Large Left,,1
10034321,P002653,P002653 Drawer Handle Large Left,,1
10034322,P002654,P002654 Drawer Body Large Left,,1
10034323,P002655,P002655 Drawer Back Big Right,,1
10034324,P002657,P002657 Drawer Body Big Right,,1
10034325,P002658,P002658 Drawer Back Large Right,,1
10034326,P002659,P002659 Drawer Handle Large Right,,1
10034327,P002660,P002660 Drawer Body Large Right,,1
10034328,P002808,P002808 Wire Chain Limit,,1
10034391,P003222,P003222 Middle Divided Plate Reinf,,1
10034392,P003223,P003223 BBS Holder Reinf,,1
10034393,P003224,P003224 BBS Holder Reinf,,1
10034960,P003455,P003455 Flat head half hexagon rivet nut,,1
10034961,10034961,AIR DRYING CPI RED(TOUCH UP),,1
10034962,10034962,AIR DRYING CPI BLACK(TOUCH UP),,1
10034963,10034963,AIR DRYING CPI GRAY(TOUCH UP),,1
10034964,10034964,AIR DRYING CPI BLUE(TOUCH UP),,1
10035032,P000936,P000936 Hexagon flange nut M8,,1
10035033,P002958,P002958 Hexagon flange bolt M8×35,,1
10035034,P002960,P002960 Hexagon flange nut M6,,1
10035035,P003490,P003490 Hexagon flange bolt M6×35,,1
10035036,P003517,P003517 Flat washer 20×8.5×2mm,,1
10035143,CM01000004,CM01000004 High gloss blue powder,,1
10035144,CM01000021,CM01000021 High gloss gray powder,,1
10035328,P003602,"P003602 Flat washer 20×10.5×2mm, black zinc",,1
10035329,P003603,"P003603 Spring washerΦ10.5, thickness 3, black zinc",,1
10035330,P003604,"P003604 Hexagonal head bolt M10×30mm, grade 8.8, black zinc",,1
10035742,10035742,สีสเปรย์ 002 TOA สีดำ,,1
10035743,10035743,สีสเปรย์ 024 TOA DARK GREY,,1
20002006,PM990002,PM990002 White packaging tape,,1
20004087,PM990003,PM990003 Tape,,1
20004089,PM990001,PM990001 Sealing glue,,1
20004241,P001106,P001106 Rubber trademark U.S.GENERAL,,1
20004916,P002942,P002942 Wooden pallet 500×285×115,,1
20004917,P002943,P002943 Wooden strips 600×60×30,,1
20004918,P002944,P002944 Wooden strips 622×45×25,,1
20004930,P003319,P003319 Foam edge guard 1070×50×50mm,,1
20004931,P003320,P003320 Paper corner guard ,,1
20004939,PM030256,PM030256 TC-5608TSR five-piece paper box,,1
20004949,PM080441,PM080441 Carton mark,,1
20004951,P002665,P002665 Rubber pad 1432x551x2,,1
20004960,PM050312,PM050312 Foam board 690×551×20mm,,1
20004961,PM050313,PM050313 Foam board 1100×498×20mm,,1
20004962,PM050314,PM050314 Foam board 1070×685×20mm,,1
20004965,P002673,P002673 Wooden pallet 1515×622×145mm,,1
20004972,PM040011,PM040011 Plastic bag 200x600,,1
20004973,PM040095,PM040095 Sealed bag 70x80,,1
20004974,PM040097,PM040097 Red sealed bag 80x130,,1
20004979,PM040154,PM040154 Plastic bag (2200)×1800mm,,1
20004981,P003300,P003300 Rubber trademark SERIES3,,1
20004982,PM080101,PM080101 Warning label,,1
20004985,PM080420,PM080420 Carton tracking code label,,1
20004992,PM080439,PM080439 TC-5608TSR color sticker,,1
20004993,PM080440,PM080440 TC-5608TSR large warning label,,1
20004998,PM990004,PM990004 Black nylon rope,,1
20005003,PM090142,PM090142 TC-5608TSR English manual,,1
20005011,PM040121,PM040121 Bubble film 900×800mm,,1
20005023,PM060066,PM060066 PVC pad 1321×494×2mm,,1
20005024,PM060072,PM060072 PVC pad 253×494×2mm,,1
20005027,PM060102,PM060102 PVC pad 308x494x2,,1
20005028,PM060103,PM060103 PVC pad 942x494x2,,1
20005130,PM070240,PM070240 Cardboard 1515×626mm,,1
20005131,PM080460,PM080460 Power Warning Label,,1
20005132,PM080479,PM080479 TC-5608TSB color sticker,,1
20005133,PM080480,PM080480 TC-5608TSB Large Warning Label,,1
20005134,PM080481,PM080481 Box Mark,,1
20005135,PM080482,PM080482 TC-5608TSBLU color sticker,,1
20005136,PM080483,PM080483 TC-5608TSBLU Large Warning Labe,,1
20005137,PM080484,PM080484 Box Mark,,1
20005138,PM080485,PM080485 TC-5608TSGRY color sticker,,1
20005139,PM080486,PM080486 TC-5608TSGRY Large Warning Labe,,1
20005140,PM080487,PM080487 Box Mark,,1
20005150,PM050326,PM050326 Foam board 470×230×120mm,,1
20005151,PM080526,PM080526 ETL certification label,,1
20005152,PM990002,PM990002 White packaging HV12-18W,,1
20005248,PM080527,PM080527 ETL certification label,,1
20005249,PM080528,PM080528 ETL certification label,,1
20005250,PM080529,PM080529 ETL certification label,,1
20005330,P003610,P003610 6 inch caster paper corner protector,,1
20005331,P003611,P003611 Lower left wooden strip,,1
20005332,P003612,P003612 Lower right wooden strip,,1
20005593,PM080541,PM080541 Box Mark,,1
20005594,PM080545,PM080545 Production date sticker,,1
27000057,27000057,AR1 BAG 87 CM*84CM (เม็ดนอก),,1
30021488,30021488,SCECUA04,,1
30021489,30021489,SCECUA04,,1
30021490,30021490,SCECUA04,,1
30021491,30021491,SCECUA04,,1
30021492,30021492,SCECUA04,,1
30021493,30021493,SCECUA04,,1
30023050,P002622,P002622 Locking Slide Bend,100,1
30023052,P002626,P002626 Cover Support Press,100,1
30023145,P002622,P002622 Locking Slide Laser,450,1
30023146,P002624,P002624 Partition Stop Bend,200,1
30023147,P002625,P002625 Side Panel Left Bend,133.3333333,1
30023149,P002632,P002632 Middle Divided Plate Left Bend,300,1
30023151,P002634,P002634 Middle Divided Plate Reinf Bend,200,1
30023152,P002634,P002634 Middle Divided Plate Reinf Laser,720,1
30023153,P002636,P002636 Inner Pad Plate Reinf Bend,100,1
30023154,P002636,P002636 Inner Pad Plate Reinf Laser,276.9230769,1
30023197,P003222,P003222 Middle Divided Plate Reinf Bend,200,1
30023198,P003222,P003222 Middle Divided Plate Reinf Laser,720,1
30023199,P003223,P003223 BBS Holder Reinf Bend,100,1
30023200,P003223,P003223 BBS Holder Reinf Laser,514.2857143,1
30023201,P003224,P003224 BBS Holder Reinf Bend,100,1
30023202,P003224,P003224 BBS Holder Reinf Laser,360,1
30023248,P002583,P002583 Balance Bar Bend,400,1
30023249,P002583,P002583 Balance Bar Paint,900,1
30023255,P002592,P002592 Drawer Handle Small Left Bend,400,1
30023256,P002592,P002592 Drawer Handle Small Left Press,300,1
30023257,P002593,P002593 Drawer Body Small Left Bend,100,1
30023258,P002593,P002593 Drawer Body Small Left Press,50,1
30023261,P002595,P002595 Drawer Handle Big Left Bend,400,1
30023262,P002595,P002595 Drawer Handle Big Left Press,300,1
30023263,P002596,P002596 Drawer Body Big Left Bend,100,1
30023264,P002596,P002596 Drawer Body Big Left Press,50,1
30023273,P002601,P002601 Drawer Handle Big Right Bend,400,1
30023274,P002601,P002601 Drawer Handle Big Right Press,300,1
30023305,P002617,P002617 Bottom Back Bend,80,1
30023306,P002618,P002618 Bottom Back Horizontal Reinf Bend,400,1
30023307,P002618,P002618 Bottom Back Horizontal Reinf Laser,102.8571429,1
30023308,P002619,P002619 Bottom Back Vertical Reinf Bend,400,1
30023309,P002620,P002620 Bottom Back Side Reinf Bend,400,1
30023310,P002623,P002623 Locking Slide Holder Press,300,1
30023311,P002624,P002624 Partition Stop Laser,720,1
30023312,P002627,P002627 Side Panel Right Bend,133.3333333,1
30023313,P002628,P002628 Top Panel Bend,200,1
30023314,P002628,P002628 Top Panel IPC,,1
30023315,P002629,P002629 Top Panel Reinf Bend,100,1
30023316,P002629,P002629 Top Panel Reinf Laser,276.9230769,1
30023317,P002631,P002631 Horizontal Groove Bend,200,1
30023318,P002632,P002632 Middle Divided Plate Left Press,66.66666667,1
30023319,P002633,P002633 Middle Divided Plate Right Bend,133.3333333,1
30023320,P002633,P002633 Middle Divided Plate Right Press,300,1
30023321,P002635,P002635 Inner Plate Left Bend,100,1
30023322,P002635,P002635 Inner Plate Left Press,300,1
30023323,P002637,P002637 Inner Plate Right Bend,100,1
30023324,P002637,P002637 Inner Plate Right Press,300,1
30023325,P002638,P002638 Supply Holder Bend,400,1
30023326,P002638,P002638 Supply Holder Paint,2400,1
30023327,P002639,P002639 Drawer Back Top Large Bend,400,1
30023328,P002640,P002640 Drawer Handle Top Large Bend,400,1
30023329,P002641,P002641 Drawer Body Top Large Bend,100,1
30023330,P002641,P002641 Drawer Body Top Large Press,50,1
30023331,P002642,P002642 Drawer Back Top Small Bend,400,1
30023332,P002643,P002643 Drawer Handle Top Small Bend,400,1
30023333,P002644,P002644 Drawer Body Top Small Bend,100,1
30023334,P002644,P002644 Drawer Body Top Small Press,50,1
30023335,P002645,P002645 Drawer Top Reinf Bend,100,1
30023336,P002646,P002646 Drawer Back Small Left Bend,400,1
30023337,P002649,P002649 Drawer Back Big Left Bend,400,1
30023338,P002652,P002652 Drawer Back Large Left Bend,400,1
30023339,P002653,P002653 Drawer Handle Large Left Bend,400,1
30023340,P002654,P002654 Drawer Body Large Left Bend,100,1
30023341,P002654,P002654 Drawer Body Large Left Press,50,1
30023342,P002655,P002655 Drawer Back Big Right Bend,400,1
30023343,P002657,P002657 Drawer Body Big Right Bend,100,1
30023344,P002657,P002657 Drawer Body Big Right Press,50,1
30023345,P002658,P002658 Drawer Back Large Right Bend,400,1
30023346,P002659,P002659 Drawer Handle Large Right Bend,400,1
30023347,P002660,P002660 Drawer Body Large Right Bend,100,1
30023348,P002660,P002660 Drawer Body Large Right Press,50,1
30023349,P002808,P002808 Wire Chain Limit Bend,100,1
30023350,P002808,P002808 Wire Chain Limit Paint,900,1
30023351,U000411,U000411 Body Paint,90,1
30023352,U000411,U000411 Body Spot,2.962962963,1
30023353,U000411,U000411 Body Weld,2.769230769,1
30023354,U000412,U000412 Drawer Top Large Paint,180,1
30023355,U000412,U000412 Drawer Top Large Spot,12.85714286,1
30023356,U000413,U000413 Drawer Top Small Paint,180,1
30023357,U000413,U000413 Drawer Top Small Spot,13.84615385,1
30023358,U000414,U000414 Drawer Small Left Paint,180,1
30023359,U000414,U000414 Drawer Small Left Spot,27.69230769,1
30023360,U000415,U000415 Drawer Big Left Paint,180,1
30023361,U000415,U000415 Drawer Big Left Spot,30,1
30023362,U000416,U000416 Drawer Large Left Paint,180,1
30023363,U000416,U000416 Drawer Large Left Spot,30,1
30023364,U000417,U000417 Drawer Big Right Paint,540,1
30023365,U000417,U000417 Drawer Big Right Spot,30,1
30023366,U000418,U000418 Drawer Large Right Paint,540,1
30023367,U000418,U000418 Drawer Large Right Spot,25.71428571,1
30023368,U000420,U000420 Rear Cover Spot,31.30434783,1
30023369,U000421,U000421 Side Panel Left Spot,56.25,1
30023370,U000422,U000422 Side Panel Right Spot,56.25,1
30023371,U000423,U000423 Top Panel Spot,34.28571429,1
30023372,U000424,U000424 Middle Divided Plate Spot,23.22580645,1
30023373,U000425,U000425 Inner Plate Left Spot,60,1
30023374,U000426,U000426 Inner Plate Right Spot,60,1
30023454,P002653,P002653 Drawer Handle Large Left Press,300,1
30023455,P002659,P002659 Drawer Handle Large Right Press,300,1
30023636,U000411BLK,U000411BLK Body Paint,90,1
30023637,P002638BLK,P002638BLK Supply Holder Paint,2400,1
30023638,P002808BLK,P002808BLK Wire Chain Limit Paint,900,1
30023639,U000412BLK,U000412BLK Drawer Top Large Paint,180,1
30023640,U000413BLK,U000413BLK Drawer Top Small Paint,180,1
30023641,U000414BLK,U000414BLK Drawer Small Left Paint,180,1
30023642,U000415BLK,U000415BLK Drawer Big Left Paint,180,1
30023643,U000416BLK,U000416BLK Drawer Large Left Paint,180,1
30023644,U000417BLK,U000417BLK Drawer Big Right Paint,540,1
30023645,U000418BLK,U000418BLK Drawer Large Right Paint,540,1
30023646,U000411BLU,U000411BLU Body Paint,90,1
30023647,P002638BLU,P002638BLU Supply Holder Paint,2400,1
30023648,P002808BLU,P002808BLU Wire Chain Limit Paint,900,1
30023649,U000412BLU,U000412BLU Drawer Top Large Paint,180,1
30023650,U000413BLU,U000413BLU Drawer Top Small Paint,180,1
30023651,U000414BLU,U000414BLU Drawer Small Left Paint,180,1
30023652,U000415BLU,U000415BLU Drawer Big Left Paint,180,1
30023653,U000416BLU,U000416BLU Drawer Large Left Paint,180,1
30023654,U000417BLU,U000417BLU Drawer Big Right Paint,540,1
30023655,U000418BLU,U000418BLU Drawer Large Right Paint,540,1
30023656,U000411GRY,U000411GRY Body Paint,90,1
30023657,P002638GRY,P002638GRY Supply Holder Paint,2400,1
30023658,P002808GRY,P002808GRY Wire Chain Limit Paint,900,1
30023659,U000412GRY,U000412GRY Drawer Top Large Paint,180,1
30023660,U000413GRY,U000413GRY Drawer Top Small Paint,180,1
30023661,U000414GRY,U000414GRY Drawer Small Left Paint,180,1
30023662,U000415GRY,U000415GRY Drawer Big Left Paint,180,1
30023663,U000416GRY,U000416GRY Drawer Large Left Paint,180,1
30023664,U000417GRY,U000417GRY Drawer Big Right Paint,540,1
30023665,U000418GRY,U000418GRY Drawer Large Right Paint,540,1
37002969,P002595,P002595 Drawer Handle Big Left IPC,300,1
37002971,P002601,P002601 Drawer Handle Big Right IPC,300,1
37002972,P002592,P002592 Drawer Handle Small Left IPC,300,1
37002974,P002653,P002653 Drawer Handle Large Left IPC,300,1
37002976,P002659,P002659 Drawer Handle Large Right IPC,300,1
40013724,TC-5608TSR,TC-5608TSR,18,1
40013818,TC-5608TSBLK,TC-5608TSBLK,18,1
40013820,TC-5608TSGRY,TC-5608TSGRY,18,1
40013822,TC-5608TSBLU,TC-5608TSBLU,18,1
30xxx_U000419 ,U000419,U000419 Bottom Back Weld,36,1
10028387,10028387,10028387,,1
10028388,10028388,10028388,,1
10030454,P002726,P002726 Aluminum handle 593mm,,1
10030456,P002727,P002727 Plastic slide lock L=581.6mm,,1
10030774,P002745,P002745 Drawer Handle Big(Left),,1
10030780,P002751,P002751 Drawer Handle Extra Big(Left) GP,,1
10034229,P002936,P002936 5×2 inch heavy duty fixed caster,,1
10034230,P002937,P002937 5×2 inch heavy duty universal caster,,1
10034342,P002886,P002886 Top Reinf,,1
10034349,P002898,P002898 Bottom Panel GP,,1
10034350,P002899,P002899 Bottom Panel Reinf,,1
10034351,P002900,P002900 Side Bottom Panel Reinf,,1
10034352,P002901,P002901 Rear Plate,,1
10034353,P002902,P002902 Side Panel Right,,1
10034354,P002903,P002903 Top Panel,,1
10034355,P002905,P002905 Horizontal Groove,,1
10034356,P002907,P002907 Middle Divided Plate Right,,1
10034357,P002909,P002909 BBS Holder Left,,1
10034358,P002911,P002911 BBS Holder Right,,1
10034359,P002912,P002912 Balance Bar,,1
10034360,P002913,P002913 Drawer Back Top Large,,1
10034361,P002914,P002914 Drawer Handle Top Large,,1
10034362,P002915,P002915 Drawer Body Top Large,,1
10034363,P002916,P002916 Drawer Back Top Small,,1
10034364,P002918,P002918 Drawer Body Top Small,,1
10034365,P002919,P002919 Drawer Back Big(Left),,1
10034366,P002920,P002920 Drawer Body Big(Left),,1
10034367,P002921,P002921 Drawer Back Extra Big(Left),,1
10034368,P002922,P002922 Drawer Body Extra Big(Left),,1
10034369,P002923,P002923 Drawer Back Large Left,,1
10034370,P002924,P002924 Drawer Handle Large Left,,1
10034371,P002925,P002925 Drawer Body Large Left,,1
10034372,P002926,P002926 Drawer Back Small Right,,1
10034373,P002927,P002927 Drawer Handle Small Right,,1
10034374,P002928,P002928 Drawer Body Small Right,,1
10034375,P002929,P002929 Drawer Back Big Right,,1
10034376,P002930,P002930 Drawer Handle Big Right,,1
10034377,P002931,P002931 Drawer Body Big Right,,1
10034378,P002932,P002932 Drawer Back Large Right,,1
10034379,P002933,P002933 Drawer Handle Large Right,,1
10034380,P002934,P002934 Drawer Body Large Right,,1
10034390,P003217,P003217 Locking Bar Holder,,1
10034394,P003301,P003301 Drawer Handle Top Small,,1
10035058,P002632,P002632 Middle Divided Plate Left,,1
10035327,P003601,"P003601 Flat head hexagonal rivet nut M10, L=20, colored zinc",,1
20004912,PM050290,PM050290 Bubble board 500×550×20,,1
20004913,PM050291,PM050291 Bubble board 1030×498×20,,1
20004914,PM050292,PM050292 Bubble board 1000×1000×20,,1
20004915,P002941,P002941 Wooden pallet 1125×622×145,,1
20004928,P002940,P002940 Paper corner guard 1100×100×100,,1
20004929,P003302,P003302 Edge guard 1030×50×50,,1
20004935,PM030249,PM030249 TC-4210TSR five-sided carton,,1
20004971,PM090137,PM090137 TC-4210TSR wooden disassy,,1
20004976,PM040149,PM040149 Plastic bag (1700)×1400,,1
20004986,PM080422,PM080422 TC-4210TSR color sticker,,1
20004987,PM080423,PM080423 TC-4210TSR large warning label,,1
20004996,PM080445,PM080445 Box label,,1
20005000,PM090138,PM090138 TC-4210TSR English manual,,1
20005010,P002935,P002935 PVC pad 1052×551×2,,1
20005026,PM060101,PM060101 PVC pad 566x494x2,,1
20005239,PM080467,PM080467 TC-4210TBLK color sticker,,1
20005240,PM080469,PM080469 PM080469 Box Mark,,1
20005241,PM080470,PM080470 TC-4210TBLU color sticker,,1
20005242,PM080471,PM080471 TC-4210TBLU large warning label,,1
20005243,PM080472,PM080472 Box label,,1
20005244,PM080473,PM080473 TC-4210TBLU color sticker,,1
20005245,PM080468,PM080468 TC-4210TBLU large warning label,,1
20005246,PM080474,PM080474 TC-4210TBLU large warning label,,1
20005247,PM080475,PM080475 Box label,,1
20005328,P003597,P003597 Caster paper corner protector 50×30×3mm,,1
20005329,P003598,P003598 Lower left wood strip 480×68×25mm,,1
30023039,P002745,P002745 Drawer Handle Big(Left) Bend,400,1
30023040,P002745,P002745 Drawer Handle Big(Left) Press,300,1
30023051,P002626,P002626 Cover Support Bend,200,1
30023080,P002751,P002751 Drawer Handle Extra Big(Left) Bend,400,1
30023081,P002751,P002751 Drawer Handle Extra Big(Left) Press,300,1
30023099,P002886,P002886 Top Reinf Bend,100,1
30023100,P002886,P002886 Top Reinf Laser,327.2727273,1
30023110,P002920,P002920 Drawer Body Big(Left) Bend,100,1
30023111,P002920,P002920 Drawer Body Big(Left) Press,50,1
30023112,P002922,P002922 Drawer Body Extra Big(Left) Bend,100,1
30023113,P002922,P002922 Drawer Body Extra Big(Left) Press,50,1
30023114,P002927,P002927 Drawer Handle Small Right Bend,400,1
30023116,P002928,P002928 Drawer Body Small Right Bend,100,1
30023117,P002928,P002928 Drawer Body Small Right Press,50,1
30023118,P002930,P002930 Drawer Handle Big Right Bend,400,1
30023119,P002930,P002930 Drawer Handle Big Right Press,300,1
30023120,P002931,P002931 Drawer Body Big Right Bend,100,1
30023121,P002931,P002931 Drawer Body Big Right Press,50,1
30023148,P002626,P002626 Cover Support+M6,150,1
30023157,P002898,P002898 Bottom Panel Bend,66.66666667,1
30023158,P002900,P002900 Side Bottom Panel Reinf Bend,200,1
30023159,P002901,P002901 Rear Plate Laser,105.8823529,1
30023160,P002902,P002902 Side Panel Right Bend,133.3333333,1
30023161,P002903,P002903 Top Panel Bend,200,1
30023162,P002903,P002903 Top Panel IPC,,1
30023163,P002905,P002905 Horizontal Groove Bend,200,1
30023164,P002907,P002907 Middle Divided Plate Right Bend,133.3333333,1
30023165,P002907,P002907 Middle Divided Plate Right IPC,,1
30023166,P002909,P002909 BBS Holder Left Bend,100,1
30023167,P002909,P002909 BBS Holder Left IPC,,1
30023168,P002911,P002911 BBS Holder Right Bend,100,1
30023169,P002911,P002911 BBS Holder Right IPC,,1
30023170,P002912,P002912 Balance Bar Bend,200,1
30023171,P002912,P002912 Balance Bar Paint,900,1
30023172,P002913,P002913 Drawer Back Top Large Bend,400,1
30023173,P002914,P002914 Drawer Handle Top Large Bend,400,1
30023174,P002914,P002914 Drawer Handle Top Large IPC,,1
30023175,P002915,P002915 Drawer Body Top Large Bend,100,1
30023176,P002915,P002915 Drawer Body Top Large Press,50,1
30023177,P002916,P002916 Drawer Back Top Small Bend,400,1
30023178,P002918,P002918 Drawer Body Top Small Bend,100,1
30023179,P002918,P002918 Drawer Body Top Small Press,50,1
30023180,P002919,P002919 Drawer Back Big(Left) Bend,400,1
30023181,P002921,P002921 Drawer Back Extra Big(Left) Bend,400,1
30023182,P002923,P002923 Drawer Back Large Left Bend,400,1
30023183,P002924,P002924 Drawer Handle Large Left Bend,400,1
30023184,P002924,P002924 Drawer Handle Large Left IPC,,1
30023185,P002925,P002925 Drawer Body Large Left Bend,100,1
30023186,P002925,P002925 Drawer Body Large Left Press,50,1
30023187,P002926,P002926 Drawer Back Small Right Bend,400,1
30023188,P002927,P002927 Drawer Handle Small Right IPC,,1
30023189,P002929,P002929 Drawer Back Big Right Bend,400,1
30023191,P002932,P002932 Drawer Back Large Right Bend,400,1
30023192,P002933,P002933 Drawer Handle Large Right Bend,400,1
30023193,P002933,P002933 Drawer Handle Large Right IPC,,1
30023194,P002934,P002934 Drawer Body Large Right Bend,100,1
30023195,P002934,P002934 Drawer Body Large Right Press,50,1
30023196,P003217,P003217 Locking Bar Holder Press,300,1
30023203,P003301,P003301 Drawer Handle Top Small Bend,400,1
30023204,P003301,P003301 Drawer Handle Top Small IPC,,1
30023205,U000461,U000461 Body Paint,72,1
30023206,U000461,U000461 Body Spot,4.736842105,1
30023207,U000461,U000461 Body Weld,4.285714286,1
30023208,U000462,U000462 Drawer Top Large Paint,180,1
30023209,U000462,U000462 Drawer Top Large Spot,24,1
30023210,U000463,U000463 Drawer Top Small Paint ,180,1
30023211,U000463,U000463 Drawer Top Small Spot,27.69230769,1
30023212,U000464,U000464 Drawer Big(Left) Paint,360,1
30023213,U000464,U000464 Drawer Big(Left) Spot,32.72727273,1
30023214,U000465,U000465 Drawer Extra Big(Left) Paint,360,1
30023215,U000465,U000465 Drawer Extra Big(Left) Spot,27.69230769,1
30023216,U000466,U000466 Drawer Large Left Paint,360,1
30023217,U000466,U000466 Drawer Large Left Spot,27.69230769,1
30023218,U000467,U000467 Drawer Small Right Paint,540,1
30023219,U000467,U000467 Drawer Small Right Spot,51.42857143,1
30023220,U000468,U000468 Drawer Large Right Paint,540,1
30023221,U000468,U000468 Drawer Large Right Spot,40,1
30023222,U000469,U000469 Drawer Big Right Paint,540,1
30023223,U000469,U000469 Drawer Big Right Spot,40,1
30023224,U000470,U000470 Bottom Panel Spot,18.75,1
30023225,U000471,U000471 Rear Plate Spot,26.66666667,1
30023226,U000472,U000472 Side Panel Left Spot,90,1
30023227,U000472,U000472 Side Panel Right Spot,90,1
30023228,U000473,U000473 Top Panel Spot,32.72727273,1
30023229,U000474,U000474 Middle Divided Plate Spot,31.30434783,1
30023230,U000475,U000475 BBS Holder Left Spot,60,1
30023231,U000475,U000475 BBS Holder Right Spot,60,1
30023585,U000461BLK,U000461BLK Body Paint,72,1
30023586,P002912BLK,P002912BLK Balance Bar Paint,900,1
30023587,U000462BLK,U000462BLK Drawer Top Large Paint,180,1
30023588,U000463BLK,U000463BLK Drawer Top Small Paint ,180,1
30023589,U000464BLK,U000464BLK Drawer Big(Left) Paint,360,1
30023590,U000465BLK,U000465BLK Drawer Extra Big(Left) Paint,360,1
30023591,U000466BLK,U000466BLK Drawer Large Left Paint,360,1
30023592,U000467BLK,U000467BLK Drawer Small Right Paint,540,1
30023593,U000469BLK,U000469BLK Drawer Big Right Paint,540,1
30023594,U000468BLK,U000468BLK Drawer Large Right Paint,540,1
30023595,U000461BLU,U000461BLU Body Paint,72,1
30023596,P002912BLU,P002912BLU Balance Bar Paint,900,1
30023597,U000462BLU,U000462BLU Drawer Top Large Paint,180,1
30023598,U000463BLU,U000463BLU Drawer Top Small Paint ,180,1
30023599,U000464BLU,U000464BLU Drawer Big(Left) Paint,360,1
30023600,U000465BLU,U000465BLU Drawer Extra Big(Left) Paint,360,1
30023601,U000466BLU,U000466BLU Drawer Large Left Paint,360,1
30023602,U000467BLU,U000467BLU Drawer Small Right Paint,540,1
30023603,U000469BLU,U000469BLU Drawer Big Right Paint,540,1
30023604,U000468BLU,U000468BLU Drawer Large Right Paint,540,1
30023605,U000461GRY,U000461GRY Body Paint,72,1
30023606,P002912GRY,P002912GRY Balance Bar Paint,900,1
30023607,U000462GRY,U000462GRY Drawer Top Large Paint,180,1
30023608,U000463GRY,U000463GRY Drawer Top Small Paint ,180,1
30023609,U000464GRY,U000464GRY Drawer Big(Left) Paint,360,1
30023610,U000465GRY,U000465GRY Drawer Extra Big(Left) Paint,360,1
30023611,U000466GRY,U000466GRY Drawer Large Left Paint,360,1
30023612,U000467GRY,U000467GRY Drawer Small Right Paint,540,1
30023613,U000469GRY,U000469GRY Drawer Big Right Paint,540,1
30023614,U000468GRY,U000468GRY Drawer Large Right Paint,540,1
37000200,37000200,37000200,,1
37000201,37000201,37000201,,1
37000202,37000202,37000202,,1
37000203,37000203,37000203,,1
37000204,37000204,37000204,,1
37000205,37000205,37000205,,1
40013722,TC-4210TSR,TC-4210TSR,25,1
40013812,TC-4210TSBLK,TC-4210TSBLK,25,1
40013814,TC-4210TSGRY,TC-4210TSGRY,25,1
40013816,TC-4210TSBLU,TC-4210TSBLU,25,1
10034199,P001089,P001089 power cord cover 74x74x1.5,,1
10034200,P001560,P001560 Tool cabinet round lock head,,1
10034210,P002893,P002893 drive shaft Φ6x512,,1
10034211,P002894,P002894 four-tooth rear lock (barb) 425x22x2,,1
10034212,P003041,P003041 Pneumatic bracket,,1
10034213,U000454,U000454 hinge 951x38x1.2,,1
10034220,P001273,P001273 carriage screw M6x20,,1
10034221,P001274,P001274 self-locking nut M6,,1
10034223,P002607,P002607 open aluminum rivet 4.8x10,,1
10034226,P001105,P001105 Power cord rubber cover,,1
10034250,P002563,P002563 Locking Slide Holder,,1
10034251,P002564,P002564 Locking Slide GP,,1
10034252,P002565,P002565 Side Panel Left GP,,1
10034253,P002566,P002566 Cover Support Left GP,,1
10034254,P002567,P002567 Side Panel Right,,1
10034255,P002568,P002568 Cover Support Right GP,,1
10034258,P002572,P002572 Cover Left GP,,1
10034259,P002573,P002573 Cover Reinf GP,,1
10034260,P002574,P002574 Cover Right GP,,1
10034264,P002578,P002578 BBS Holder Front Reinf GP,,1
10034268,P002582,P002582 Middle Divided Plate Reinf GP,,1
10034273,P002588,P002588 Angle Plate,,1
10034274,P002589,P002589 Top Cover Left GP,,1
10034275,P002590,P002590 Top Cover Right GP,,1
10034331,P002874,P002874 Rear Plate GP,,1
10034332,P002876,P002876 Top Panel GP,,1
10034333,P002877,P002877 Bottom Panel GP,,1
10034334,P002878,P002878 Bottom Reinf GP,,1
10034335,P002879,P002879 BBS Holder Left GP,,1
10034336,P002880,P002880 BBS Holder Reinf GP,,1
10034337,P002881,P002881 BBS Holder Right GP,,1
10034338,P002882,P002882 Middle Divided Left GP,,1
10034339,P002883,P002883 Middle Divided Right GP,,1
10034340,P002884,P002884 Balance Bar GP,,1
10034341,P002885,P002885 Top Lid GP,,1
10034343,P002887,P002887 Lock Hook,,1
10034344,P002888,P002888 Top Lid Lock Hook,,1
10034345,P002889,P002889 Drawer Back Big(Left) GP,,1
10034346,P002890,P002890 Drawer Back Extra Big(Left) GP,,1
10034347,P002891,P002891 Drawer Back Small Right GP,,1
10034348,P002892,P002892 Drawer Back Big Right GP,,1
10035331,P003605,P003605 Side panel front corner reinf,,1
20004240,P002614,P002614 Black anti-collision rubber pellets,,1
20004908,PM050288,PM050288 foam board 1084x585x20,,1
20004909,PM050205,PM050205 foam board 673x585x20,,1
20004910,PM050289,PM050289 foam board 1040x673x20,,1
20004911,P002897,P002897 Wooden pallet 1105x610x120,,1
20004927,P002896,P002896 paper corner protector 1060x100x100,,1
20004934,PM030248,PM030248 CH-4208HGR five-sided carton,,1
20004942,PM070225,PM070225 cardboard 1105x610,,1
20004946,PM080421,PM080421 Carton mark,,1
20004966,P002897,P002897 wood pallet,,1
20004975,PM040147,PM040147 Plastic bag 1700x1300,,1
20004983,PM080418,PM080418 Trademark sticker,,1
20004984,PM080419,PM080419 CH-4208HGR color sticker,,1
20004997,PM090136,PM090136 CH-4208HGR large warning label,,1
20004999,PM090135,PM090135 CH-4208HGR English manual,,1
20005009,P002895,P002895 Center tray PVC pad 943x513x2,,1
20005012,PM040148,PM040148 PE film 1105x610,,1
20005015,PM050242,PM050242 PEP 1785x80x1,,1
20005025,PM060100,PM060100 Cover EVA pad 652x16x2,,1
20005230,PM080461,PM080461 CH-4208HGBLU color sticker,,1
20005231,PM080462,PM080462 Box mark,,1
20005232,PM080463,PM080463 CH-4208HGRY color sticker,,1
20005233,PM080464,PM080464 Box mark,,1
20005234,PM080465,PM080465 CH-4208HGBLK color sticker,,1
20005235,PM080466,PM080466 Box mark,,1
20005236,PM080476,PM080476 CH-4208HGBLU large warning label,,1
20005237,PM080477,PM080477 CH-4208HGRY large warning label,,1
20005238,PM080478,PM080478 CH-4208HGBLK large warning label,,1
20005579,20005579,เทปกาว2หน้า 48mmx20Y Phoenix,,1
30023032,P002578,P002578 BBS Holder Front Reinf Bend,200,1
30023033,P002578,P002578 BBS Holder Front Reinf Laser,900,1
30023065,P001089,P001089 power cord cover 74x74x1.5,810,1
30023066,P002563,P002563 Locking Slide Holder Bend,200,1
30023067,P002563,P002563 Locking Slide Holder Laser,900,1
30023068,P002565,P002565 Side Panel Left IPC,,1
30023069,P002566,P002566 Cover Support Left Press,150,1
30023070,P002567,P002567 Side Panel Right IPC,,1
30023071,P002568,P002568 Cover Support Right Press,150,1
30023072,P002572,P002572 Cover Left Bend,400,1
30023073,P002574,P002574 Cover Right Bend,400,1
30023074,P002582,P002582 Middle Divided Plate Reinf Bend,200,1
30023075,P002582,P002582 Middle Divided Plate Reinf Laser,720,1
30023076,P002589,P002589 Top Cover Left Press,300,1
30023077,P002589,P002589 Top Cover Left Spot,85.71428571,1
30023078,P002590,P002590 Top Cover Right Press,300,1
30023079,P002590,P002590 Top Cover Right Spot,85.71428571,1
30023082,P002874,P002874 Rear Plate Bend,200,1
30023083,P002876,P002876 Top Panel Bend,80,1
30023084,P002877,P002877 Bottom Panel Bend,66.66666667,1
30023085,P002878,P002878 Bottom Reinf Bend,100,1
30023086,P002879,P002879 BBS Holder Left Bend,150,1
30023087,P002879,P002879 BBS Holder Left Press,100,1
30023088,P002880,P002880 BBS Holder Reinf Bend,200,1
30023089,P002880,P002880 BBS Holder Reinf Laser,900,1
30023090,P002881,P002881 BBS Holder Right Bend,150,1
30023091,P002881,P002881 BBS Holder Right Press,100,1
30023092,P002882,P002882 Middle Divided Left Bend,66.66666667,1
30023093,P002882,P002882 Middle Divided Left Press,150,1
30023094,P002883,P002883 Middle Divided Right Bend,133.3333333,1
30023095,P002883,P002883 Middle Divided Right Press,150,1
30023096,P002884,P002884 Balance Bar Bend,200,1
30023097,P002885,P002885 Top Lid Bend,30.76923077,1
30023098,P002885,P002885 Top Lid Weld,22.5,1
30023101,P002887,P002887 Lock Hook Paint,810,1
30023102,P002889,P002889 Drawer Back Big(Left) Bend,400,1
30023103,P002889,P002889 Drawer Back Big(Left) Press,300,1
30023104,P002890,P002890 Drawer Back Extra Big(Left) Bend,400,1
30023105,P002890,P002890 Drawer Back Extra Big(Left) Press,300,1
30023106,P002891,P002891 Drawer Back Small Right Bend,400,1
30023107,P002891,P002891 Drawer Back Small Right Press,300,1
30023108,P002892,P002892 Drawer Back Big Right Bend,400,1
30023109,P002892,P002892 Drawer Back Big Right Press,300,1
30023115,P002927,P002927 Drawer Handle Small Right Press,300,1
30023122,U000455,U000455 Body Paint,90,1
30023123,U000455,U000455 Body Spot,7.045009785,1
30023124,U000455,U000455 Body Weld,10,1
30023125,U000456,U000456 Top Lid Paint,90,1
30023126,U000456,U000456 Top Lid Spot,14.34262948,1
30023127,U000457,U000457 Drawer Big(Left) Paint,360,1
30023128,U000457,U000457 Drawer Big(Left) Spot,32.72727273,1
30023129,U000458,U000458 Drawer Extra Big(Left) Paint,360,1
30023130,U000458,U000458 Drawer Extra Big(Left) Spot,27.69230769,1
30023131,U000459,U000459 Drawer Small Right Paint,360,1
30023132,U000459,U000459 Drawer Small Right Spot,51.42857143,1
30023133,U000460,U000460 P002930 Drawer Big Right Paint,360,1
30023134,U000460,U000460 P002930 Drawer Big Right Spot,40,1
30023135,U000476,U000476 Rear Plate Spot,36,1
30023136,U000477,U000477 Side Panel Left Spot,90,1
30023137,U000477,U000477 Side Panel Right Spot,90,1
30023138,U000478,U000478 Top Panel Spot,360,1
30023139,U000479,U000479 Cover Left Spot,20.45454545,1
30023140,U000479,U000479 Cover Right Spot,20.45454545,1
30023141,U000480,U000480 Bottom Panel Spot,20,1
30023142,U000481,U000481 BBS Holder Left Spot,72,1
30023143,U000481,U000481 BBS Holder Right Spot,72,1
30023144,U000482,U000482 Middle Divided Spot,26.08695652,1
30023234,P002564,P002564 Locking Slide Rollformer,300,1
30023564,U000456BLK,U000456BLK Top Lid Paint,90,1
30023565,U000455BLK,U000455BLK Body Paint,90,1
30023566,U000457BLK,U000457BLK Drawer Big(Left) Paint,360,1
30023567,U000458BLK,U000458BLK Drawer Extra Big(Left) Paint,360,1
30023568,U000459BLK,U000459BLK Drawer Small Right Paint,360,1
30023569,U000460BLK,U000460BLK Drawer Big Right Paint,360,1
30023570,P002887BLK,P002887BLK Lock Hook Paint,810,1
30023571,U000456BLU,U000456BLU Top Lid Paint,90,1
30023572,U000455BLU,U000455BLU Body Paint,90,1
30023573,U000457BLU,U000457BLU Drawer Big(Left) Paint,360,1
30023574,U000458BLU,U000458BLU Drawer Extra Big(Left) Paint,360,1
30023575,U000459BLU,U000459BLU Drawer Small Right Paint,360,1
30023576,U000460BLU,U000460BLU Drawer Big Right Paint,360,1
30023577,P002887BLU,P002887BLU Lock Hook Paint,810,1
30023578,U000456GRY,U000456GRY Top Lid Paint,90,1
30023579,U000455GRY,U000455GRY Body Paint,90,1
30023580,U000457GRY,U000457GRY Drawer Big(Left) Paint,360,1
30023581,U000458GRY,U000458GRY Drawer Extra Big(Left) Paint,360,1
30023582,U000459GRY,U000459GRY Drawer Small Right Paint,360,1
30023583,U000460GRY,U000460GRY Drawer Big Right Paint,360,1
30023584,P002887GRY,P002887GRY Lock Hook Paint,810,1
40013721,CH-4208HGR,CH-4208HGR,50,1
40013811,CH-4208HGBLK,CH-4208HGBLK,25,1
40013813,CH-4208HGGRY,CH-4208HGGRY,25,1
40013815,CH-4208HGBLU,CH-4208HGBLU,25,1
30xxx_U000477,U000477,U000477 Side Panel Left Weld,,1
10028467,P000690,P000690 Open aluminum rivet 4.8x10mm,,1
10034180,P003227,P003227 Hexagonal flat head rivet nut M8,,1
10034201,P002585,P002585 Four tooth rear lock,,1
10034202,P002604,P002604 Drive shaft,,1
10034203,P002605,P002605 CH 5608HGR lock head lock hook,,1
10034204,P002606,P002606 Hinge 1330×38×1.2,,1
10034207,P002613,P002613 Air pressure bracket,,1
10034248,P001089,P001089 Power cord cover,,1
10034249,P002562,P002562 Rear Cover,,1
10034256,P002569,P002569 Top Panel,,1
10034257,P002570,P002570 Top Panel Reinf,,1
10034261,P002575,P002575 Bottom Back ,,1
10034262,P002576,P002576 Bottom Back Reinf,,1
10034263,P002577,P002577 Inner Plate Left,,1
10034265,P002579,P002579 Inner Plate Right,,1
10034266,P002580,P002580 Middle Partition Left,,1
10034267,P002581,P002581 Middle Partition Right,,1
10034270,P002584,P002584 Rear Lock Connecting Tabs,,1
10034271,P002586,P002586 Top Cover,,1
10034272,P002587,P002587 Top Cover Reinf,,1
10034276,P002591,P002591 Lock Hook,,1
10034279,P002594,P002594 Drawer Back Small Left,,1
10034282,P002597,P002597 Drawer Back Big Left,,1
10034283,P002598,P002598 Drawer Handle Small Right,,1
10034284,P002599,P002599 Drawer Body Small Right,,1
10034285,P002600,P002600 Drawer Back Small Right,,1
10034287,P002602,P002602 Drawer Body Big Right,,1
10034288,P002603,P002603 Drawer Back Big Right,,1
20004402,P001402,P001402 EPE corner guard 120×120×20mm,,1
20004926,P002616,P002616 Cardboard corner guard 70x70x1460,,1
20004932,P003321,P003321 Foam edge guard 1000×50×50mm,,1
20004933,P003322,P003322 Foam edge guard 570×50×50mm,,1
20004940,PM030257,PM030257 CH-5608HGR five-sided carton,,1
20004943,PM070231,PM070231 Cardboard 1360×570mm,,1
20004944,PM070232,PM070232 Cardboard 1493×120mm,,1
20004945,PM070233,PM070233 Cardboard 38×120mm,,1
20004950,PM080443,PM080443 Carton mark,,1
20004963,PM050315,PM050315 Foam board 1460×280×20mm,,1
20004964,P002615,P002615 Wooden pallet,,1
20004980,PM040155,PM040155 Plastic bag,,1
20004994,PM080442,PM080442 CH-5608HGR color sticker,,1
20004995,PM080444,PM080444 CH-5608HGR large warning label,,1
20005004,PM090143,PM090143 CH-5608HGR English manual,,1
20005005,CM990001,CM990001 Wood glue,,1
20005007,P002612,P002612 Center plate PVC pad 1322x515x2,,1
20005013,PM040156,PM040156 PE film,,1
20005127,PM080426,PM080426 Logo stickers,,1
20005141,PM080488,PM080488 CH-5608HGB Large Warning Label,,1
20005142,PM080489,PM080489 CH-5608HGB color sticker,,1
20005143,PM080490,PM080490 Box Mark,,1
20005144,PM080491,PM080491 CH-5608HGBLU Large Warning Labe,,1
20005145,PM080492,PM080492 CH-5608HGBLU color sticker,,1
20005146,PM080493,PM080493 Box Mark,,1
20005147,PM080494,PM080494 CH-5608HGGRY Large Warning Labe,,1
20005148,PM080495,PM080495 CH-5608HGGRY color sticker,,1
20005149,PM080496,PM080496 Box Mark,,1
30023232,P001089,P001089 Power cord cover Paint,200,1
30023233,P002562,P002562 Rear Cover Bend,300,1
30023235,P002569,P002569 Top Panel Bend,100,1
30023236,P002570,P002570 Top Panel Reinf Bend,240,1
30023237,P002570,P002570 Top Panel Reinf Laser,80,1
30023238,P002575,P002575 Bottom Back Bend,100,1
30023239,P002576,P002576 Bottom Back Reinf Bend,133.3333333,1
30023240,P002577,P002577 Inner Plate Left Bend,300,1
30023241,P002577,P002577 Inner Plate Left Press,133.3333333,1
30023242,P002579,P002579 Inner Plate Right Bend,300,1
30023243,P002579,P002579 Inner Plate Right Press,66.66666667,1
30023244,P002580,P002580 Middle Partition Left Bend,300,1
30023245,P002580,P002580 Middle Partition Left Press,133.3333333,1
30023246,P002581,P002581 Middle Partition Right Bend,300,1
30023247,P002581,P002581 Middle Partition Right Press,200,1
30023251,P002584,P002584 Rear Lock Connecting Tabs Paint,30.76923077,1
30023252,P002586,P002586 Top Cover Bend,225,1
30023253,P002587,P002587 Top Cover Reinf Laser,150,1
30023254,P002587,P002587 Top Cover Reinf Press,400,1
30023259,P002594,P002594 Drawer Back Small Left Bend,150,1
30023260,P002594,P002594 Drawer Back Small Left Press,400,1
30023265,P002597,P002597 Drawer Back Big Left Bend,150,1
30023266,P002597,P002597 Drawer Back Big Left Press,400,1
30023267,P002598,P002598 Drawer Handle Small Right Bend,300,1
30023268,P002598,P002598 Drawer Handle Small Right Press,100,1
30023269,P002599,P002599 Drawer Body Small Right Bend,50,1
30023270,P002599,P002599 Drawer Body Small Right Press,400,1
30023271,P002600,P002600 Drawer Back Small Right Bend,150,1
30023272,P002600,P002600 Drawer Back Small Right Press,400,1
30023275,P002602,P002602 Drawer Body Big Right Bend,50,1
30023276,P002602,P002602 Drawer Body Big Right Press,400,1
30023277,P002603,P002603 Drawer Back Big Right Bend,150,1
30023278,P002603,P002603 Drawer Back Big Right Press,72,1
30023279,U000392,U000392 Body Paint,5.590062112,1
30023280,U000392,U000392 Body Spot,15,1
30023281,U000392,U000392 Body Weld,72,1
30023282,U000393,U000393 Top Cover Paint,7.302231237,1
30023283,U000393,U000393 Top Cover Spot,22.5,1
30023284,U000393,U000393 Top Cover Weld,180,1
30023285,U000394,U000394 Drawer Small Left Paint  Paint,32.72727273,1
30023286,U000394,U000394 Drawer Small Left Spot,180,1
30023287,U000395,U000395 Drawer Big Left Paint,27.69230769,1
30023288,U000395,U000395 Drawer Big Left Spot,1440,1
30023289,U000396,U000396 Drawer Small Right Paint,51.42857143,1
30023290,U000396,U000396 Drawer Small Right Spot,30,1
30023291,U000397,U000397 Drawer Small Right Paint,40,1
30023292,U000397,U000397 Drawer Small Right Spot,36,1
30023293,U000398,U000398 Rear Cover Spot,40.90909091,1
30023294,U000399,U000399 Side Panel Left Spot,25.71428571,1
30023295,U000399,U000399 Side Panel Left Weld,40.90909091,1
30023296,U000400,U000400 Side Panel Right Spot,25.71428571,1
30023297,U000400,U000400 Side Panel Right Weld,28.8,1
30023298,U000401,U000401 Top Panel Spot,45,1
30023299,U000402,U000402 Cover Left Spot,45,1
30023300,U000403,U000403 Cover Right Spot,13.84615385,1
30023301,U000404,U000404 Bottom Back Spot,72,1
30023302,U000405,U000405 Inner Plate Left Spot,72,1
30023303,U000406,U000406 Inner Plate Right Spot,24.82758621,1
30023304,U000407,U000407 Middle Partition Spot,72,1
30023615,U000393BLK,U000393BLK Top Cover Paint,72,1
30023616,U000392BLK,U000392BLK Body Paint,900,1
30023617,P002584BLK,P002584BLK Rear Lock Connecting Tabs Paint,180,1
30023618,U000394BLK,U000394BLK Drawer Small Left Paint  Paint,180,1
30023619,U000395BLK,U000395BLK Drawer Big Left Paint,1440,1
30023620,U000396BLK,U000396BLK Drawer Small Right Paint,30,1
30023621,U000397BLK,U000397BLK Drawer Big Right Paint,72,1
30023622,U000393BLU,U000393BLU Top Cover Paint,72,1
30023623,U000392BLU,U000392BLU Body Paint,900,1
30023624,P002584BLU,P002584BLU Rear Lock Connecting Tabs Paint,180,1
30023625,U000394BLU,U000394BLU Drawer Small Left Paint  Paint,180,1
30023626,U000395BLU,U000395BLU Drawer Big Left Paint,1440,1
30023627,U000396BLU,U000396BLU Drawer Small Right Paint,30,1
30023628,U000397BLU,U000397BLU Drawer Big Right Paint,72,1
30023629,U000393GRY,U000393GRY Top Cover Paint,72,1
30023630,U000392GRY,U000392GRY Body Paint,900,1
30023631,P002584GRY,P002584GRY Rear Lock Connecting Tabs Paint,180,1
30023632,U000394GRY,U000394GRY Drawer Small Left Paint  Paint,180,1
30023633,U000395GRY,U000395GRY Drawer Big Left Paint,1440,1
30023634,U000396GRY,U000396GRY Drawer Small Right Paint,30,1
30023635,U000397GRY,U000397GRY Drawer Big Right Paint,,1
37002970,P002598,P002598 Drawer Handle Small Right IPC,300,1
40013723,CH-5608HGR,CH-5608HGR,18,1
40013817,CH-5608HGBLK,CH-5608HGBLK,18,1
40013819,CH-5608HGGRY,CH-5608HGGRY,18,1
40013821,CH-5608HGBLU,CH-5608HGBLU,18,1
10028465,P000645,P000645 Flange nut M8,,1
10030485,P002694,P002694 Rubber mat 675x551x2,,1
10030761,P002732,P002732 Top Cover GP,,1
10030763,P002733,P002733 Bottom Back GP,,1
10030764,P002734,P002734 Bottom Cover Reinf GP,,1
10030768,P002801,P002801 BBS Holder Front Reinf GP,,1
10030772,P002742,P002742 Rear Lock Row,,1
10030773,P002744,P002744 Drawer Body Big(Left) GP,,1
10030775,P002746,P002746 Drawer Back Big(Left) GP,,1
10030776,P002747,P002747 Drawer Body Middle GP,,1
10030777,P002748,P002748 Drawer Handle Middle GP,,1
10030778,P002749,P002749 Drawer Back Middle GP,,1
10030779,P002750,P002750 Drawer Body Extra Big(Left) GP,,1
10030781,P002752,P002752 Drawer Back Extra Big(Left) GP,,1
10034188,P002956,P002956 5″×2″ fixed caster,,1
10034189,P002957,P002957  5″×2″ brake caster,,1
10034192,P002938,P002938 Hexagonal flange bolt M8x35,,1
10034193,P003225,P003225 Hexagonal flange bolt M6x25,,1
10034194,P000952,P000952 Flange nut M6,,1
10034385,P002951,P002951 Box GP,,1
10034386,P002952,P002952 BBS Holder Front Left GP,,1
10034387,P002953,P002953 BBS Holder Front Right GP,,1
10034388,P002954,P002954 BBS Holder Rear Left GP,,1
10034389,P002955,P002955 BBS Holder Rear Right GP,,1
20004290,P002758,P002758 Foam edge guard 912x50x50,,1
20004296,P002759,P002759  Carton with casters,,1
20004937,PM030252,PM030252 TC-2707TSR five-sided carton,,1
20004938,PM030253,PM030253 Carton with casters,,1
20004941,PM036063,PM036063 Floor cover carton,,1
20004947,PM080430,PM080430 Carton mark,,1
20004954,PM050227,PM050227 EPE foam 600x500x1,,1
20004957,PM050293,PM050293 Foam board 615x912x20,,1
20004958,PM050294,PM050294 Foam board 492x912x20,,1
20004959,PM050295,PM050295 Foam board 670x535x20,,1
20004977,PM040150,PM040150 Plastic bag 1500x1700,,1
20004988,PM080428,PM080428 TC-2707TSR large warning label,,1
20004989,PM080429,PM080429 TC-2707TSR color sticker,,1
20005001,PM090140,PM090140 TC-2707TSR English manual,,1
20005030,PM990001,PM990001 Sealing glue,,1
20005031,PM990002,PM990002 White packaging tape,,1
20005032,PM990003,PM990003 Tape,,1
20005251,PM080497,PM080497 TC-2707TSR large warning label,,1
20005252,PM080498,PM080498 TC-2707TSR color sticker,,1
20005253,PM080499,PM080499 Box label,,1
20005254,PM080500,PM080500 TC-2707TSBLU large warning label,,1
20005255,PM080501,PM080501 TC-2707TSBLU color sticker,,1
20005256,PM080502,PM080502 Box label,,1
20005257,PM080503,PM080503 TC-2707TSR large warning label,,1
20005258,PM080504,PM080504 TC-2707TSR color sticker,,1
20005259,PM080505,PM080505 Box label,,1
30022112,U000433,U000433 Box Paint,160,1
30022113,U000433,U000433 Box  Weld,15,1
30022114,U000433,U000433 Box Spot,10.28571429,1
30022115,P002732,P002732 Top Cover Spot,360,1
30022116,P002732,P002732 Top Cover Bend,200,1
30022117,P002732,P002732 Top Cover IPC,,1
30022119,P002733,P002733 Bottom Back Bend,400,1
30022120,P002733,P002733 Bottom Back IPC,,1
30022121,P002734,P002734 Bottom Cover Reinf Bend,133.3333333,1
30022130,P002801,P002801 BBS Holder Front Reinf Laser,276.9230769,1
30022139,U000434,U000434 Drawer Big(Left) Paint,160,1
30022140,U000434,U000434 Drawer Big(Left) Spot,32.72727273,1
30022141,P002744,P002744 Drawer Body Big(Left) Bend,100,1
30022142,P002744,P002744 Drawer Body Big(Left) Press,50,1
30022146,P002746,P002746 Drawer Back Big(Left) Bend,400,1
30022147,U000435,U000435 Drawer Middle Paint,160,1
30022148,U000435,U000435 Drawer Middle Spot,24,1
30022149,P002747,P002747 Drawer Body Middle Bend,100,1
30022150,P002747,P002747 Drawer Body Middle Press,50,1
30022151,P002748,P002748 Drawer Handle Middle Bend,400,1
30022152,P002748,P002748 Drawer Handle Middle Press,300,1
30022154,P002749,P002749 Drawer Back Middle Bend,400,1
30022155,U000436,U000436 Drawer Extra Big(Left) Paint,160,1
30022156,U000436,U000436 Drawer Extra Big(Left) Spot,24,1
30022157,P002750,P002750 Drawer Body Extra Big(Left) Bend,100,1
30022158,P002750,P002750 Drawer Body Extra Big(Left) Press,50,1
30022159,P002751,P002751 Drawer Handle Extra Big(Left) Bend,400,1
30022160,P002751,P002751 Drawer Handle Extra Big(Left) Press,300,1
30022162,P002752,P002752 Drawer Back Extra Big(Left) Bend,400,1
30023053,P002626,P002626 Cover Support Spot,112.5,1
30023054,P002742,P002742 Rear Lock Row Press,300,1
30023055,P002801,P002801 BBS Holder Front Reinf Bend,200,1
30023056,P002951,P002951 Box Bend ,66.66666667,1
30023057,P002951,P002951 Box Press,150,1
30023058,P002951,P002951 Box Spot,10.14084507,1
30023059,P002952,P002952 BBS Holder Front Left Press,300,1
30023060,P002952,P002952 BBS Holder Front Left Spot,72,1
30023061,P002953,P002953 BBS Holder Front Right Press,300,1
30023062,P002953,P002953 BBS Holder Front Right Spot,72,1
30023063,P002954,P002954 BBS Holder Rear Left Press,300,1
30023064,P002955,P002955 BBS Holder Rear Right Press,300,1
30023552,U000433BLK,U000433BLK Box Paint,160,1
30023553,U000434BLK,U000434BLK Drawer Big(Left) Paint,160,1
30023554,U000435BLK,U000435BLK Drawer Middle Paint,160,1
30023555,U000436BLK,U000436BLK Drawer Extra Big(Left) Paint,160,1
30023556,U000433BLU,U000433BLU Box Paint,160,1
30023557,U000434BLU,U000434BLU Drawer Big(Left) Paint,160,1
30023558,U000435BLU,U000435BLU Drawer Middle Paint,160,1
30023559,U000436BLU,U000436BLU Drawer Extra Big(Left) Paint,160,1
30023560,U000433GRY,U000433GRY Box Paint,160,1
30023561,U000434GRY,U000434GRY Drawer Big(Left) Paint,160,1
30023562,U000435GRY,U000435GRY Drawer Middle Paint,160,1
30023563,U000436GRY,U000436GRY Drawer Extra Big(Left) Paint,160,1
40012178,TC-2707TSR,TC-2707TSR,37.5,1
40013806,TC-2707TSBLK,TC-2707TSBLK,37.5,1
40013808,TC-2707TSGRY,TC-2707TSGRY,37.5,1
40013810,TC-2707TSBLU,TC-2707TSBLU,37.5,1
10028460,P000305,P000305 Open iron rivet 4x6,,1
10030443,P002719,P002719  Lock hook,,1
10030446,U000190,U000190 Round lock head assembly,,1
10030447,P002722,P002722  SH15 handle,,1
10030448,P000431,P000431 M8 welding nut,,1
10030449,P002768,P002768  Flat washer 18x8.5x1.2,,1
10030450,P002769,P002769 Hexagonal bolt M8x16,,1
10030451,P002723,P002723  Flat head knurled rivet 5x45,,1
10030452,P002724,P002724 Toolbox square buckle 42x27x6,,1
10030453,P002725,P002725 Aluminum handle 194mm,,1
10030461,P002728,P002728 ball slide rail shell,,1
10030462,P000552,P000552 Open iron rivet 4x8,,1
10030463,P002730,P002730  Pneumatic bracket,,1
10030492,P002695,P002695 Top Cover GP,,1
10030493,P002696,P002696 Top Cover Reinf GP,,1
10030494,P002697,P002697 Top Side Right GP,,1
10030495,P002698,P002698 Bracket Reinf GP,,1
10030496,P002699,P002699 Pneumatic Bracket Base GP,,1
10030741,P002700,P002700 Body Cabinet GP,,1
10030742,P002708,P002708 Rear Lock Slider GP,,1
10030743,P002709,P002709 Rear Lock Slider Short GP,,1
10030744,P002702,P002702 Side Panel Left GP,,1
10030747,P002703,P002703 Side Panel Right GP,,1
10030749,P002701,P002701 Top Panel Chest GP,,1
10030750,P002706,P002706 Fixing Plate Left GP,,1
10030751,P002707,P002707 Fixing Plate Right GP,,1
10030752,P002710,P002710 Five Tooth Lock Row,,1
10030753,P002711,P002711 One Tooth Lock Row,,1
10030754,P002712,P002712 Drawer Handle Small GP,,1
10030755,P002713,P002713 Drawer Body Small GP,,1
10030756,P002714,P002714 Drawer Back Small GP,,1
10030759,P002717,P002717 Drawer Back Big (Left) GP,,1
10030760,P002718,P002718 Top Cover Lock Hook GP,,1
10034173,P003180,P003180 Hinge 635x68x1.2,,1
10034179,P003181,P003181  Open aluminum rivet 4x10,,1
10034329,P002809,P002809 Hand Hold Reinf Plate GP,,1
10034330,P002812,P002812 Top Side Left GP,,1
10034381,P002947,P002947 BBS Holder Front Left GP,,1
10034382,P002948,P002948 BBS Holder Front Right GP,,1
10034383,P002949,P002949 BBS Holder Rear Left GP,,1
10034384,P002950,P002950 BBS Holder Rear Right GP,,1
20004936,PM030251,PM030251 CH-2607HGR six-sided carton,,1
20004948,PM080433,PM080433 Carton mark,,1
20004952,P002754,P002754 Foam edge guard 558x50x50,,1
20004978,PM040152,PM040152 Plastic bag 1300x1200,,1
20004990,PM080431,PM080431 CH-2607HGR large warning label,,1
20004991,PM080432,PM080432 CH-2607HGR color sticker,,1
20005002,PM090141,PM090141 CH-2607HGR English manual,,1
20005008,P002731,P002731 PVC pad 662x537x2,,1
20005014,PM050213,PM050213 Bubble board 708×584×20,,1
20005019,PM050296,PM050296 Bubble board 605×558×20,,1
20005020,PM050297,PM050297 Bubble board 185×558×20,,1
20005029,PM060104,PM060104 PVC pad 167x494x2,,1
20005221,PM080506,PM080506 CH-2607HGR large warning label,,1
20005222,PM080507,PM080507 CH-2607HGR color sticker,,1
20005223,PM080508,PM080508 Box mark,,1
20005224,PM080509,PM080509 CH-2607HGR large warning label,,1
20005225,PM080510,PM080510 CH-2607HGR color sticker,,1
20005226,PM080511,PM080511 Box mark,,1
20005227,PM080512,PM080512 CH-2607HGR large warning label,,1
20005228,PM080513,PM080513 CH-2607HGR color sticker,,1
20005229,PM080514,PM080514 Box mark,,1
30022057,U000429,U000429 Body Paint,225,1
30022058,U000429,U000429 Body Weld,20,1
30022059,U000429,U000429 Body Spot,9.703504043,1
30022061,U000430,U000430 Top cover Paint,225,1
30022062,U000430,U000430 Top cover Spot,15,1
30022063,P002695,P002695 Top Cover Press,150,1
30022064,P002695,P002695 Top Cover Bend,57.14285714,1
30022066,P002696,P002696 Top Cover Reinf Press,150,1
30022067,P002697,P002697 Top Side Right Spot,90,1
30022068,P002697,P002697 Top Side Right Press,300,1
30022073,P002700,P002700 Body Cabinet Spot,48,1
30022074,P002700,P002700 Body Cabinet Bend,133.3333333,1
30022075,P002708,P002708 Rear Lock Slider Bend,100,1
30022076,P002709,P002709 Rear Lock Slider Short Bend,100,1
30022077,P002702,P002702 Side Panel Left Spot,25.53191489,1
30022078,P002702,P002702 Side Panel Left Bend,133.3333333,1
30022079,P002702,P002702 Side Panel Left Press,100,1
30022083,P002703,P002703 Side Panel Right Spot,39.56043956,1
30022084,P002703,P002703 Side Panel Right Bend,133.3333333,1
30022085,P002703,P002703 Side Panel Right Press,100,1
30022088,P002701,P002701 Top Panel Chest Spot,120,1
30022089,P002701,P002701 Top Panel Chest Bend,200,1
30022090,P002701,P002701 Top Panel Chest Press,150,1
30022091,P002706,P002706 Fixing Plate Left Bend,400,1
30022092,P002707,P002707 Fixing Plate Right Bend,400,1
30022093,U000431,U000431 Drawer Small Paint,225,1
30022094,U000431,U000431 Drawer Small Spot,40,1
30022095,P002712,P002712 Drawer Handle Small Bend,400,1
30022096,P002712,P002712 Drawer Handle Small Press,300,1
30022097,P002713,P002713 Drawer Body Small Bend,100,1
30022098,P002713,P002713 Drawer Body Small Press,50,1
30022099,P002714,P002714 Drawer Back Small Press,300,1
30022100,P002714,P002714 Drawer Back Small Bend,400,1
30022101,U000432,U000432 Drawer Big(Left) Paint,225,1
30022102,U000432,U000432 Drawer Big(Left) Spot,36,1
30022107,P002717,P002717 Drawer Back Big (Left) Press,300,1
30022108,P002717,P002717 Drawer Back Big (Left) Bend,400,1
30022111,P002812,P002812 Top Side Left Spot,90,1
30023034,P002710,P002710 Five Tooth Lock Row Paint,225,1
30023035,P002711,P002711 One Tooth Lock Row Paint,225,1
30023036,P002719,P002719  Lock hook Paint,225,1
30023037,P002744,P002744 Drawer Body Big(Left) Bend,100,1
30023038,P002744,P002744 Drawer Body Big(Left) Press,50,1
30023041,P002812,P002812 Top Side Left Press,300,1
30023042,P002947,P002947 BBS Holder Front Left Bend,133.3333333,1
30023043,P002947,P002947 BBS Holder Front Left Press,150,1
30023044,P002947,P002947 BBS Holder Front Left Spot,72,1
30023045,P002948,P002948 BBS Holder Front Right Bend,133.3333333,1
30023046,P002948,P002948 BBS Holder Front Right Press,150,1
30023047,P002948,P002948 BBS Holder Front Right Spot,72,1
30023048,P002949,P002949 BBS Holder Rear Left Press,300,1
30023049,P002950,P002950 BBS Holder Rear Right Press,300,1
30023531,U000430BLK,U000430BLK Top cover Paint,225,1
30023532,U000429BLK,U000429BLK Body Paint,225,1
30023533,U000431BLK,U000431BLK Drawer Small Paint,225,1
30023534,U000432BLK,U000432BLK Drawer Big(Left) Paint,225,1
30023535,P002710BLK,P002710BLK Five Tooth Lock Row Paint,225,1
30023536,P002711BLK,P002711BLK One Tooth Lock Row Paint,225,1
30023537,P002719BLK,P002719BLK Lock hook Paint,225,1
30023538,U000430BLU,U000430BLU Top cover Paint,225,1
30023539,U000429BLU,U000429BLU Body Paint,225,1
30023540,U000431BLU,U000431BLU Drawer Small Paint,225,1
30023541,U000432BLU,U000432BLU Drawer Big(Left) Paint,225,1
30023542,P002710BLU,P002710BLU Five Tooth Lock Row Paint,225,1
30023543,P002711BLU,P002711BLU One Tooth Lock Row Paint,225,1
30023544,P002719BLU,P002719BLU Lock hook Paint,225,1
30023545,U000430GRY,U000430GRY Top cover Paint,225,1
30023546,U000429GRY,U000429GRY Body Paint,225,1
30023547,U000431GRY,U000431GRY Drawer Small Paint,225,1
30023548,U000432GRY,U000432GRY Drawer Big(Left) Paint,225,1
30023549,P002710GRY,P002710GRY Five Tooth Lock Row Paint,225,1
30023550,P002711GRY,P002711GRY One Tooth Lock Row Paint,225,1
30023551,P002719GRY,P002719GRY Lock hook Paint,225,1
30023754,P002812,P002812 Top Side Left Bend,400,1
30023755,P002697,P002697 Top Side Right Bend,400,1
37002957,P002701,P002701 Top Panel Chest IPC,,1
40012177,CH-2607HGR,CH-2607HGR,25,1
40013805,CH-2607HGBLK,CH-2607HGBLK,25,1
40013807,CH-2607HGGRY,CH-2607HGGRY,25,1
40013809,CH-2607HGBLU,CH-2607HGBLU,25,1